id;nom;pernom;mail;matricule;cin;date_embauchement
1;web-readiness synergies calculate;Ergonomic software e-business;Frozen override;58065;48272;2020-05-24
2;SQL calculate Vanuatu;parse;brand parse Electronics;76297;55054;2020-05-24
3;Hawaii copying;Quality;primary;5887;34621;2020-05-24
4;Directives;COM Shoes;supply-chains South Dakota Algerian Dinar;8987;47278;2020-05-24
5;microchip Courts;Sleek neutral Solomon Islands Dollar;turquoise Secured 1080p;48507;9335;2020-05-24
6;Small Granite Pants;Supervisor Handmade Wooden Shirt Handcrafted Plastic Gloves;connecting programming Baby;27809;12731;2020-05-24
7;Car synergies methodologies;Cambridgeshire Fresh Borders;haptic;66661;59069;2020-05-24
8;Salad payment 6th generation;sensor;fuchsia Netherlands Antillian Guilder Borders;91610;132;2020-05-24
9;invoice Marketing expedite;global Inverse redundant;productivity platforms;41998;89034;2020-05-24
10;Phased Generic Granite Car;Designer neural;Books Soap;65376;21455;2020-05-24
